{"input_scaled": [[0.0774318277835846, 0.9157267212867737, -1.3621336221694946, -0.45737388730049133], [1.3151315450668335, -1.6484886407852173, 1.2457802295684814, -0.9044232964515686], [0.5954911112785339, -1.3863168954849243, -0.050307825207710266, -1.2279921770095825], [0.8148328065872192, 1.7836332321166992, 0.9975376129150391, -0.7129440307617188], [-1.2995997667312622, 0.11859996616840363, -0.6544799208641052, -1.407565712928772]], "predictions": [-1, -1, -1, -1, -1]}