{"mean": [187.7515583229065, 25.7137513256073, 1013.0168200683594, 52.50084606170654], "scale": [75.98254003297971, 2.9556474572954894, 7.663488528983548, 12.557431937362908]}